-- phpMyAdmin SQL Dump
-- version 5.2.1
-- https://www.phpmyadmin.net/
--
-- Host: 127.0.0.1
-- Generation Time: Sep 06, 2024 at 08:42 AM
-- Server version: 10.4.32-MariaDB
-- PHP Version: 8.2.12

SET SQL_MODE = "NO_AUTO_VALUE_ON_ZERO";
START TRANSACTION;
SET time_zone = "+00:00";


/*!40101 SET @OLD_CHARACTER_SET_CLIENT=@@CHARACTER_SET_CLIENT */;
/*!40101 SET @OLD_CHARACTER_SET_RESULTS=@@CHARACTER_SET_RESULTS */;
/*!40101 SET @OLD_COLLATION_CONNECTION=@@COLLATION_CONNECTION */;
/*!40101 SET NAMES utf8mb4 */;

--
-- Database: `sistem_jadwal`
--

-- --------------------------------------------------------

--
-- Table structure for table `dosen`
--

CREATE TABLE `dosen` (
  `id` bigint(20) UNSIGNED NOT NULL,
  `nama_dosen` varchar(255) NOT NULL,
  `nip` varchar(255) NOT NULL,
  `prodi` varchar(255) NOT NULL,
  `created_at` timestamp NULL DEFAULT NULL,
  `updated_at` timestamp NULL DEFAULT NULL,
  `role` varchar(255) NOT NULL DEFAULT 'dosen',
  `password` varchar(255) NOT NULL DEFAULT '$2y$12$i8TQVqlhFhOzKyZ3vCIrw.m9hB6rl6cyC65QA2l0/x0l9K5xTA536'
) ENGINE=InnoDB DEFAULT CHARSET=utf8mb4 COLLATE=utf8mb4_unicode_ci;

--
-- Dumping data for table `dosen`
--

INSERT INTO `dosen` (`id`, `nama_dosen`, `nip`, `prodi`, `created_at`, `updated_at`, `role`, `password`) VALUES
(1, 'Prof. Irfan Syamsuddin,S.T. M.Com.ISM.,Ph.D.', '197312202000031008', 'D4-Teknik Komputer Jaringan', '0000-00-00 00:00:00', '0000-00-00 00:00:00', 'Dosen', ''),
(2, 'Ir.Dahlia,M.T.', '196412311991032003', 'D4-Teknik Komputer Jaringan', '0000-00-00 00:00:00', '0000-00-00 00:00:00', 'Dosen', ''),
(3, 'Muh. Fajri Raharjo,S.T, M.T.', '197005211996011001', 'D4-Teknik Komputer Jaringan', '0000-00-00 00:00:00', '0000-00-00 00:00:00', 'Dosen', ''),
(4, 'Iin Karmila Yusri,S.ST., M.Eng., Ph.D.', '197604032002122001', 'D4-Teknik Komputer Jaringan', '0000-00-00 00:00:00', '0000-00-00 00:00:00', 'Dosen', ''),
(5, 'Irmawati,S.T.,M.T.', '197811242012122002', 'D4-Teknik Komputer Jaringan', '0000-00-00 00:00:00', '0000-00-00 00:00:00', 'Dosen', ''),
(6, 'Drs.Kasim,M.T.', '196306201991031002', 'D4-Teknik Komputer Jaringan', '0000-00-00 00:00:00', '0000-00-00 00:00:00', 'Dosen', ''),
(7, 'Eddy Tungadi,S.T., M.T.', '197908232010121001', 'D4-Teknik Komputer Jaringan', '0000-00-00 00:00:00', '0000-00-00 00:00:00', 'Dosen', ''),
(8, 'Meylanie Olivya,S.T.,M.T.', '198205032014042002', 'D4-Teknik Komputer Jaringan', '0000-00-00 00:00:00', '0000-00-00 00:00:00', 'Dosen', ''),
(9, 'Rini Nur,S.T., M.T.', '197307132009122001', 'D4-Teknik Komputer Jaringan', '0000-00-00 00:00:00', '0000-00-00 00:00:00', 'Dosen', ''),
(10, 'Muhammad Nur Yasir Utomo, S.ST, M.Eng.', '199211242019031012', 'D4-Teknik Komputer Jaringan', '0000-00-00 00:00:00', '0000-00-00 00:00:00', 'Dosen', ''),
(11, 'Tantri Indrabulan, S.T, M.T.', '199002052020122004', 'D4-Teknik Komputer Jaringan', '0000-00-00 00:00:00', '0000-00-00 00:00:00', 'Dosen', ''),
(12, 'Fadli Tamrin, S.Kom.,M.Cs.', '198912232022031006', 'D4-Teknik Komputer Jaringan', '0000-00-00 00:00:00', '0000-00-00 00:00:00', 'Dosen', ''),
(13, 'Amhar Davi Dewantara, S.Kom., M.T.I.', '198707142022031003', 'D4-Teknik Komputer Jaringan', '0000-00-00 00:00:00', '0000-00-00 00:00:00', 'Dosen', ''),
(14, 'Hartinah, S.ST., M.Kom.', '199609052024062001', 'D4-Teknik Komputer Jaringan', '0000-00-00 00:00:00', '0000-00-00 00:00:00', 'Dosen', ''),
(15, '⁠Andi Asvin Mahersatillah Suradi, S.Kom., M.T.', '199506032024061001', 'D4-Teknik Komputer Jaringan', '0000-00-00 00:00:00', '0000-00-00 00:00:00', 'Dosen', ''),
(16, 'Pulung Hendro Prastyo, S.S.T., M.Eng.', '199509262024061001', 'D4-Teknik Komputer Jaringan', '0000-00-00 00:00:00', '0000-00-00 00:00:00', 'Dosen', ''),
(17, 'Muhammad Rizal, S.Kom., M.T.', '199208262024061002', 'D4-Teknik Komputer Jaringan', '0000-00-00 00:00:00', '0000-00-00 00:00:00', 'Dosen', ''),
(18, 'Ardiansyah, S.Kom., M.Kom.', '199305122024061002', 'D4-Teknik Komputer Jaringan', '0000-00-00 00:00:00', '0000-00-00 00:00:00', 'Dosen', ''),
(19, 'Wahyuddin Saputra, S.Kom., M.T.', '199105142024061001', 'D4-Teknik Komputer Jaringan', '0000-00-00 00:00:00', '0000-00-00 00:00:00', 'Dosen', ''),
(20, 'Budy Santoso, S.Kom., M.Eng.', '198404082024211007', 'D4-Teknik Komputer Jaringan', '0000-00-00 00:00:00', '0000-00-00 00:00:00', 'Dosen', ''),
(21, 'Naely Muchtar, S.Pd., M.Pd.', '198312212000041009', 'D4-Teknik Komputer Jaringan', '0000-00-00 00:00:00', '0000-00-00 00:00:00', 'Dosen', ''),
(22, 'Dr. Ir Nurhayati, S.Si.,M.T.', '197205032000122001', 'D4-Teknik Multimedia Jaringan', '0000-00-00 00:00:00', '0000-00-00 00:00:00', 'Dosen', ''),
(23, 'Asriyadi, S.ST.,M.Eng.', '197708142003121002', 'D4-Teknik Multimedia Jaringan', '0000-00-00 00:00:00', '0000-00-00 00:00:00', 'Dosen', ''),
(24, 'Muhammad Ilyas Syarif, S.ST.,M.Kom.', '198005052006041003', 'D4-Teknik Multimedia Jaringan', '0000-00-00 00:00:00', '0000-00-00 00:00:00', 'Dosen', ''),
(25, 'Muhammad Ahyar, S.ST.,M.T.', '198410272008121003', 'D4-Teknik Multimedia Jaringan', '0000-00-00 00:00:00', '0000-00-00 00:00:00', 'Dosen', ''),
(26, 'Syahrir, S.T.,M.T.', '198512192015041003', 'D4-Teknik Multimedia Jaringan', '0000-00-00 00:00:00', '0000-00-00 00:00:00', 'Dosen', ''),
(27, 'Alvian Bastian, S.ST.,M.Sc.', '198709052019031006', 'D4-Teknik Multimedia Jaringan', '0000-00-00 00:00:00', '0000-00-00 00:00:00', 'Dosen', ''),
(28, 'Nurul Khaerani Hamzidah, S.T.,M.T.', '198908142019032020', 'D4-Teknik Multimedia Jaringan', '0000-00-00 00:00:00', '0000-00-00 00:00:00', 'Dosen', ''),
(29, 'Ainun Jariyah, S.T.,M.T.', '198909072022032007', 'D4-Teknik Multimedia Jaringan', '0000-00-00 00:00:00', '0000-00-00 00:00:00', 'Dosen', ''),
(30, 'Muh. Irsan S, S.Kom.,M.T.', '199106172022031005', 'D4-Teknik Multimedia Jaringan', '0000-00-00 00:00:00', '0000-00-00 00:00:00', 'Dosen', ''),
(31, 'Andi Hamdianah, S.Kom.,M.Kom.', '199210202023212050', 'D4-Teknik Multimedia Jaringan', '0000-00-00 00:00:00', '0000-00-00 00:00:00', 'Dosen', ''),
(32, 'Nur Ichzan As, S.Si.,M.Si.', '198904192024211022', 'D4-Teknik Multimedia Jaringan', '0000-00-00 00:00:00', '0000-00-00 00:00:00', 'Dosen', ''),
(33, 'Irvan Muzakkir, S.Kom.,M.Kom.', '198603112024211017', 'D4-Teknik Multimedia Jaringan', '0000-00-00 00:00:00', '0000-00-00 00:00:00', 'Dosen', ''),
(34, 'Andi Syarwani, S.ST.,M.T.', '199108032024062002', 'D4-Teknik Multimedia Jaringan', '0000-00-00 00:00:00', '0000-00-00 00:00:00', 'Dosen', ''),
(35, 'Nurhikmayana Janna, S.T.,M.Kom.', '199407182024062001', 'D4-Teknik Multimedia Jaringan', '0000-00-00 00:00:00', '0000-00-00 00:00:00', 'Dosen', ''),
(36, 'M. Rudini Kurniawan Amiruddin, S.ST.,M.T.', '199505252024061001', 'D4-Teknik Multimedia Jaringan', '0000-00-00 00:00:00', '0000-00-00 00:00:00', 'Dosen', ''),
(37, 'Achmad Zulfajri Syaharuddin, S.ST.,M.T.', '199611022024061003', 'D4-Teknik Multimedia Jaringan', '0000-00-00 00:00:00', '0000-00-00 00:00:00', 'Dosen', ''),
(38, 'Sri Suci Indasari, S.Kom.,M.Kom.', '199711052024062001', 'D4-Teknik Multimedia Jaringan', '0000-00-00 00:00:00', '0000-00-00 00:00:00', 'Dosen', ''),
(39, 'Andi Asyraf Furqan, S.Kom.,M.Kom.', '199611122024061002', 'D4-Teknik Multimedia Jaringan', '0000-00-00 00:00:00', '0000-00-00 00:00:00', 'Dosen', ''),
(40, 'Syahril Syam S.Kom.,M.T.', '197807022008011006', 'D4-Teknik Multimedia Jaringan', '0000-00-00 00:00:00', '0000-00-00 00:00:00', 'Dosen', ''),
(41, 'Dr. Alimin, M.Pd.', '195908121990031002', 'D4-Teknik Multimedia Jaringan', '0000-00-00 00:00:00', '0000-00-00 00:00:00', 'Dosen', ''),
(42, 'Dr. Khairun Nisa, S.PdI.,M.PdI.', '198405012010122006', 'D4-Teknik Multimedia Jaringan', '0000-00-00 00:00:00', '0000-00-00 00:00:00', 'Dosen', ''),
(43, 'Aulia Susantri, S.H.,M.H.', 'Dosen Part-Timer', 'D4-Teknik Multimedia Jaringan', '0000-00-00 00:00:00', '0000-00-00 00:00:00', 'Dosen', ''),
(44, 'Nurmiani, S.H.,M.H.', 'Dosen Part-Timer', 'D4-Teknik Multimedia Jaringan', '0000-00-00 00:00:00', '0000-00-00 00:00:00', 'Dosen', '');

-- --------------------------------------------------------

--
-- Table structure for table `failed_jobs`
--

CREATE TABLE `failed_jobs` (
  `id` bigint(20) UNSIGNED NOT NULL,
  `uuid` varchar(255) NOT NULL,
  `connection` text NOT NULL,
  `queue` text NOT NULL,
  `payload` longtext NOT NULL,
  `exception` longtext NOT NULL,
  `failed_at` timestamp NOT NULL DEFAULT current_timestamp()
) ENGINE=InnoDB DEFAULT CHARSET=utf8mb4 COLLATE=utf8mb4_unicode_ci;

-- --------------------------------------------------------

--
-- Table structure for table `hari`
--

CREATE TABLE `hari` (
  `id` bigint(20) UNSIGNED NOT NULL,
  `hari` varchar(255) NOT NULL,
  `created_at` timestamp NULL DEFAULT NULL,
  `updated_at` timestamp NULL DEFAULT NULL
) ENGINE=InnoDB DEFAULT CHARSET=utf8mb4 COLLATE=utf8mb4_unicode_ci;

--
-- Dumping data for table `hari`
--

INSERT INTO `hari` (`id`, `hari`, `created_at`, `updated_at`) VALUES
(1, 'Senin', '2024-08-21 19:26:04', '2024-08-21 19:26:04'),
(2, 'Selasa', '2024-08-21 19:26:04', '2024-08-21 19:26:04'),
(3, 'Rabu', '2024-08-21 19:26:04', '2024-08-21 19:26:04'),
(4, 'Kamis', '2024-08-21 19:26:04', '2024-08-21 19:26:04'),
(5, 'Jumat', '2024-08-21 19:26:04', '2024-08-21 19:26:04');

-- --------------------------------------------------------

--
-- Table structure for table `jadwal`
--

CREATE TABLE `jadwal` (
  `id` bigint(20) UNSIGNED NOT NULL,
  `ruangan_id` bigint(20) UNSIGNED NOT NULL,
  `jam_id` bigint(20) UNSIGNED NOT NULL,
  `hari_id` bigint(20) UNSIGNED NOT NULL,
  `kelas_id` bigint(20) UNSIGNED NOT NULL,
  `pengampu_id` bigint(20) UNSIGNED NOT NULL,
  `fitness` int(11) NOT NULL DEFAULT 0,
  `created_at` timestamp NULL DEFAULT NULL,
  `updated_at` timestamp NULL DEFAULT NULL
) ENGINE=InnoDB DEFAULT CHARSET=utf8mb4 COLLATE=utf8mb4_unicode_ci;

--
-- Dumping data for table `jadwal`
--

INSERT INTO `jadwal` (`id`, `ruangan_id`, `jam_id`, `hari_id`, `kelas_id`, `pengampu_id`, `fitness`, `created_at`, `updated_at`) VALUES
(1, 1, 1, 1, 1, 1, 1, '2024-09-05 22:39:27', '2024-09-05 22:39:27'),
(2, 1, 2, 1, 1, 1, 1, '2024-09-05 22:39:27', '2024-09-05 22:39:27'),
(3, 1, 3, 1, 1, 1, 1, '2024-09-05 22:39:27', '2024-09-05 22:39:27'),
(4, 1, 4, 1, 1, 1, 1, '2024-09-05 22:39:27', '2024-09-05 22:39:27'),
(5, 1, 5, 1, 1, 1, 1, '2024-09-05 22:39:27', '2024-09-05 22:39:27'),
(6, 1, 7, 1, 1, 1, 1, '2024-09-05 22:39:27', '2024-09-05 22:39:27');

-- --------------------------------------------------------

--
-- Table structure for table `jam`
--

CREATE TABLE `jam` (
  `id` bigint(20) UNSIGNED NOT NULL,
  `jam` varchar(255) NOT NULL,
  `waktu` varchar(255) NOT NULL,
  `created_at` timestamp NULL DEFAULT NULL,
  `updated_at` timestamp NULL DEFAULT NULL
) ENGINE=InnoDB DEFAULT CHARSET=utf8mb4 COLLATE=utf8mb4_unicode_ci;

--
-- Dumping data for table `jam`
--

INSERT INTO `jam` (`id`, `jam`, `waktu`, `created_at`, `updated_at`) VALUES
(1, '1', '07:30 - 08:20', '2024-08-21 19:26:04', '2024-09-02 23:17:22'),
(2, '2', '08:20 - 09:10', '2024-08-21 19:26:04', '2024-09-02 23:15:19'),
(3, '3', '09:10 - 10:00', '2024-08-21 19:26:04', '2024-09-02 23:17:54'),
(4, '4', '10:20 - 11:10', '2024-08-21 19:26:04', '2024-09-02 23:18:43'),
(5, '5', '11:10 - 12:00', '2024-08-21 19:26:04', '2024-09-02 23:19:05'),
(7, '6', '13:00 - 13:50', '2024-09-02 23:19:42', '2024-09-02 23:19:42'),
(8, '7', '13:50 - 14:40', '2024-09-02 23:20:19', '2024-09-02 23:20:19'),
(9, '8', '14:40 - 15:30', '2024-09-02 23:21:09', '2024-09-02 23:21:09'),
(10, '9', '16:00 - 16:50', '2024-09-02 23:21:42', '2024-09-02 23:21:42'),
(11, '10', '16:50 - 17:40', '2024-09-02 23:22:06', '2024-09-02 23:22:06');

-- --------------------------------------------------------

--
-- Table structure for table `kelas`
--

CREATE TABLE `kelas` (
  `id` bigint(20) UNSIGNED NOT NULL,
  `nama_kelas` varchar(255) NOT NULL,
  `prodi` varchar(255) NOT NULL,
  `created_at` timestamp NULL DEFAULT NULL,
  `updated_at` timestamp NULL DEFAULT NULL
) ENGINE=InnoDB DEFAULT CHARSET=utf8mb4 COLLATE=utf8mb4_unicode_ci;

--
-- Dumping data for table `kelas`
--

INSERT INTO `kelas` (`id`, `nama_kelas`, `prodi`, `created_at`, `updated_at`) VALUES
(1, '1A-TKJ', 'D4-Teknik Komputer Jaringan', '0000-00-00 00:00:00', '0000-00-00 00:00:00'),
(2, '1B-TKJ', 'D4-Teknik Komputer Jaringan', '0000-00-00 00:00:00', '0000-00-00 00:00:00'),
(3, '1C-TKJ', 'D4-Teknik Komputer Jaringan', '0000-00-00 00:00:00', '0000-00-00 00:00:00'),
(4, '1D-TKJ', 'D4-Teknik Komputer Jaringan', '0000-00-00 00:00:00', '0000-00-00 00:00:00'),
(5, '2A-TKJ', 'D4-Teknik Komputer Jaringan', '0000-00-00 00:00:00', '0000-00-00 00:00:00'),
(6, '2B-TKJ', 'D4-Teknik Komputer Jaringan', '0000-00-00 00:00:00', '0000-00-00 00:00:00'),
(7, '3A-TKJ', 'D4-Teknik Komputer Jaringan', '0000-00-00 00:00:00', '0000-00-00 00:00:00'),
(8, '3B-TKJ', 'D4-Teknik Komputer Jaringan', '0000-00-00 00:00:00', '0000-00-00 00:00:00'),
(9, '3C-TKJ', 'D4-Teknik Komputer Jaringan', '0000-00-00 00:00:00', '0000-00-00 00:00:00'),
(10, '1A-TMJ', 'D4-Teknik Multimedia Jaringan', '0000-00-00 00:00:00', '0000-00-00 00:00:00'),
(11, '1B-TMJ', 'D4-Teknik Multimedia Jaringan', '0000-00-00 00:00:00', '0000-00-00 00:00:00'),
(12, '1C-TMJ', 'D4-Teknik Multimedia Jaringan', '0000-00-00 00:00:00', '0000-00-00 00:00:00'),
(13, '1D-TMJ-K', 'D4-Teknik Multimedia Jaringan', '0000-00-00 00:00:00', '0000-00-00 00:00:00'),
(14, '2A-TMJ', 'D4-Teknik Multimedia Jaringan', '0000-00-00 00:00:00', '0000-00-00 00:00:00'),
(15, '2B-TMJ', 'D4-Teknik Multimedia Jaringan', '0000-00-00 00:00:00', '0000-00-00 00:00:00'),
(16, '2C-TMJ-K', 'D4-Teknik Multimedia Jaringan', '0000-00-00 00:00:00', '0000-00-00 00:00:00'),
(17, '3A-TMJ', 'D4-Teknik Multimedia Jaringan', '0000-00-00 00:00:00', '0000-00-00 00:00:00'),
(18, '3B-TMJ', 'D4-Teknik Multimedia Jaringan', '0000-00-00 00:00:00', '0000-00-00 00:00:00'),
(19, '4A-TMJ', 'D4-Teknik Multimedia Jaringan', '0000-00-00 00:00:00', '0000-00-00 00:00:00'),
(20, '4B-TMJ', 'D4-Teknik Multimedia Jaringan', '0000-00-00 00:00:00', '0000-00-00 00:00:00'),
(23, '', '', '0000-00-00 00:00:00', '0000-00-00 00:00:00');

-- --------------------------------------------------------

--
-- Table structure for table `mahasiswas`
--

CREATE TABLE `mahasiswas` (
  `id` bigint(20) UNSIGNED NOT NULL,
  `nama_mahasiswa` varchar(255) NOT NULL,
  `nim` varchar(255) NOT NULL,
  `prodi` varchar(255) NOT NULL,
  `role` varchar(255) NOT NULL DEFAULT 'mahasiswa',
  `password` varchar(255) NOT NULL,
  `created_at` timestamp NULL DEFAULT NULL,
  `updated_at` timestamp NULL DEFAULT NULL,
  `kelas_id` bigint(20) UNSIGNED NOT NULL
) ENGINE=InnoDB DEFAULT CHARSET=utf8mb4 COLLATE=utf8mb4_unicode_ci;

-- --------------------------------------------------------

--
-- Table structure for table `matkul`
--

CREATE TABLE `matkul` (
  `id` bigint(20) UNSIGNED NOT NULL,
  `nama_matkul` varchar(255) NOT NULL,
  `kode_matkul` varchar(255) NOT NULL,
  `sks` varchar(255) NOT NULL,
  `created_at` timestamp NULL DEFAULT NULL,
  `updated_at` timestamp NULL DEFAULT NULL
) ENGINE=InnoDB DEFAULT CHARSET=utf8mb4 COLLATE=utf8mb4_unicode_ci;

--
-- Dumping data for table `matkul`
--

INSERT INTO `matkul` (`id`, `nama_matkul`, `kode_matkul`, `sks`, `created_at`, `updated_at`) VALUES
(1, 'Arsitektur Komputer dan Sistem Operasi', '425P2110633', '3', '0000-00-00 00:00:00', '0000-00-00 00:00:00'),
(2, 'Keamanan Informasi', '425P2150433', '3', '0000-00-00 00:00:00', '0000-00-00 00:00:00'),
(3, 'Bengkel Komputer & Jaringan', '425P2110822', '2', '0000-00-00 00:00:00', '0000-00-00 00:00:00'),
(4, 'Perangkat Elektronika', '425P2110312', '2', '0000-00-00 00:00:00', '0000-00-00 00:00:00'),
(5, 'Rangkaian Listrik Arus Searah', '425J2110212', '2', '0000-00-00 00:00:00', '0000-00-00 00:00:00'),
(6, 'Pengantar Teknologi Informasi', '425J2110512', '2', '0000-00-00 00:00:00', '0000-00-00 00:00:00'),
(7, 'Sistem Embedded dan IoT', '425P2150333', '3', '0000-00-00 00:00:00', '0000-00-00 00:00:00'),
(8, 'Sistem Digital', '425P2110733', '3', '0000-00-00 00:00:00', '0000-00-00 00:00:00'),
(9, 'Statistik dan Probabilitas', '425P2130212', '2', '0000-00-00 00:00:00', '0000-00-00 00:00:00'),
(10, 'Rekayasa Jaringan Komputer Dasar', '425P2130833', '3', '0000-00-00 00:00:00', '0000-00-00 00:00:00'),
(11, 'Kewirausahaan ', '425I2150112', '2', '0000-00-00 00:00:00', '0000-00-00 00:00:00'),
(12, 'Manajemen dan Desain Jaringan', '425P2150212', '2', '0000-00-00 00:00:00', '0000-00-00 00:00:00'),
(13, 'Administrasi Jaringan', '425P2150633', '3', '0000-00-00 00:00:00', '0000-00-00 00:00:00'),
(14, 'Desain dan Pemrograman Web', '425P2130733', '3', '0000-00-00 00:00:00', '0000-00-00 00:00:00'),
(15, 'Matematika Diskrit', '425P2110412', '2', '0000-00-00 00:00:00', '0000-00-00 00:00:00'),
(16, 'Desain Algoritma', '425P2130312', '2', '0000-00-00 00:00:00', '0000-00-00 00:00:00'),
(17, 'Algoritma dan Pemrograman', '425P2110933', '3', '0000-00-00 00:00:00', '0000-00-00 00:00:00'),
(18, 'Aplikasi Mobile', '425P2150733', '3', '0000-00-00 00:00:00', '0000-00-00 00:00:00'),
(19, 'Administrasi Basis Data', '425P2130433', '3', '0000-00-00 00:00:00', '0000-00-00 00:00:00'),
(20, 'Teknologi Jaringan Komputer', '425P2130633', '3', '0000-00-00 00:00:00', '0000-00-00 00:00:00'),
(21, 'Sistem Terdistribusi', '425P2150533', '3', '0000-00-00 00:00:00', '0000-00-00 00:00:00'),
(22, 'Pemrograman Berorientasi Objek', '425P2130533', '3', '0000-00-00 00:00:00', '0000-00-00 00:00:00'),
(23, 'Bahasa Inggris Umum', '425I2110112', '2', '0000-00-00 00:00:00', '0000-00-00 00:00:00'),
(24, 'Bahasa Inggris Komunikasi', '425P2130112', '2', '0000-00-00 00:00:00', '0000-00-00 00:00:00'),
(25, 'Fisika Teknik', '426J2110312', '2', '0000-00-00 00:00:00', '0000-00-00 00:00:00'),
(26, 'Pengenalan Teknologi Informasi', '426P2110833', '3', '0000-00-00 00:00:00', '0000-00-00 00:00:00'),
(27, 'Internet of Things', '426P2150433', '3', '0000-00-00 00:00:00', '0000-00-00 00:00:00'),
(28, 'Kecerdasan Buatan', '426P2150733', '3', '0000-00-00 00:00:00', '0000-00-00 00:00:00'),
(29, 'Etika Profesi', '426I21770112', '2', '0000-00-00 00:00:00', '0000-00-00 00:00:00'),
(30, 'Algoritma dan Dasar Pemrograman', '426P2110633', '3', '0000-00-00 00:00:00', '0000-00-00 00:00:00'),
(31, 'Kesehatan dan Keselamatan Kerja (K3)', '426I21770212', '2', '0000-00-00 00:00:00', '0000-00-00 00:00:00'),
(32, 'Manajemen Proyek Perangkat Lunak', '426P2170532', '2', '0000-00-00 00:00:00', '0000-00-00 00:00:00'),
(33, 'Pengantar Teknik Elektro', '426P2110533', '3', '0000-00-00 00:00:00', '0000-00-00 00:00:00'),
(34, 'Organisasi dan Arsitektur Komputer', '426P2110712', '2', '0000-00-00 00:00:00', '0000-00-00 00:00:00'),
(35, 'Bengkel Multimedia dan Jaringan', '426P2110922', '2', '0000-00-00 00:00:00', '0000-00-00 00:00:00'),
(36, 'Kapita Selekta', '426P2170332', '3', '0000-00-00 00:00:00', '0000-00-00 00:00:00'),
(37, 'Administrasi Jaringan', '426P2130433', '3', '0000-00-00 00:00:00', '0000-00-00 00:00:00'),
(38, 'Pemrograman Berorientasi Objek', '426P2130733', '3', '0000-00-00 00:00:00', '0000-00-00 00:00:00'),
(39, 'Proyek Desain Arsitektur Jaringan', '426P2170622', '2', '0000-00-00 00:00:00', '0000-00-00 00:00:00'),
(40, 'Desain dan Pengembangan Multimedia', '426P2130633', '3', '0000-00-00 00:00:00', '0000-00-00 00:00:00'),
(41, 'Proyek Multimedia dan Game', '426P2150322', '2', '0000-00-00 00:00:00', '0000-00-00 00:00:00'),
(42, 'Grafika Komputer', '426P2130833', '3', '0000-00-00 00:00:00', '0000-00-00 00:00:00'),
(43, 'Desain Web', '426P2130333', '3', '0000-00-00 00:00:00', '0000-00-00 00:00:00'),
(44, 'Keamanan Informasi', '426P2150833', '3', '0000-00-00 00:00:00', '0000-00-00 00:00:00'),
(45, 'Pengolahan Citra dan Video', '426P2150633', '3', '0000-00-00 00:00:00', '0000-00-00 00:00:00'),
(46, 'Proposal Proyek Akhir', '426P2170421', '1', '0000-00-00 00:00:00', '0000-00-00 00:00:00'),
(47, 'Magang', '426I2160729', '9', '0000-00-00 00:00:00', '0000-00-00 00:00:00'),
(48, 'Komunikasi Data Multimedia', '426P2130212', '2', '0000-00-00 00:00:00', '0000-00-00 00:00:00'),
(49, 'Produksi dan Pemrosesan Audio', '426P2150233', '3', '0000-00-00 00:00:00', '0000-00-00 00:00:00'),
(50, 'Basis Data Multimedia', '426P2130533', '3', '0000-00-00 00:00:00', '0000-00-00 00:00:00'),
(51, 'Metode Numerik', '426P2150533', '3', '0000-00-00 00:00:00', '0000-00-00 00:00:00'),
(52, 'Matematika Dasar', '426P2110412', '2', '0000-00-00 00:00:00', '0000-00-00 00:00:00'),
(53, 'Matematika Diskrit', '426P2130112', '2', '0000-00-00 00:00:00', '0000-00-00 00:00:00'),
(54, 'Bahasa Inggris Umum', '426J2110212', '2', '0000-00-00 00:00:00', '0000-00-00 00:00:00'),
(55, 'Pendidikan Agama', '426U2110112', '2', '0000-00-00 00:00:00', '0000-00-00 00:00:00'),
(56, 'Pendidikan Pancasila', '426U2150112', '2', '0000-00-00 00:00:00', '0000-00-00 00:00:00');

-- --------------------------------------------------------

--
-- Table structure for table `migrations`
--

CREATE TABLE `migrations` (
  `id` int(10) UNSIGNED NOT NULL,
  `migration` varchar(255) NOT NULL,
  `batch` int(11) NOT NULL
) ENGINE=InnoDB DEFAULT CHARSET=utf8mb4 COLLATE=utf8mb4_unicode_ci;

--
-- Dumping data for table `migrations`
--

INSERT INTO `migrations` (`id`, `migration`, `batch`) VALUES
(1, '2014_10_12_000000_create_users_table', 1),
(2, '2014_10_12_100000_create_password_reset_tokens_table', 1),
(3, '2019_08_19_000000_create_failed_jobs_table', 1),
(4, '2019_12_14_000001_create_personal_access_tokens_table', 1),
(5, '2024_03_10_161856_dosen', 1),
(6, '2024_03_16_213055_create_kelas_table', 1),
(7, '2024_04_08_104054_create_ruangans_table', 1),
(8, '2024_04_08_110437_create_matkuls_table', 1),
(9, '2024_04_13_142607_hari', 1),
(10, '2024_04_13_142616_jam', 1),
(11, '2024_04_29_091308_create_pengampus_table', 1),
(12, '2024_05_12_145634_create_permission_tables', 1),
(13, '2024_06_01_140634_jadwal', 1),
(14, '2024_07_03_072620_create_mahasiswas_table', 1),
(15, '2024_07_04_072813_add_kelas_id_to_mahasiswas_table', 1),
(16, '2024_07_04_083250_add_password_to_dosen_table', 1),
(17, '2024_07_09_061056_add_kelas_id_to_pengampu_table', 1);

-- --------------------------------------------------------

--
-- Table structure for table `model_has_permissions`
--

CREATE TABLE `model_has_permissions` (
  `permission_id` bigint(20) UNSIGNED NOT NULL,
  `model_type` varchar(255) NOT NULL,
  `model_id` bigint(20) UNSIGNED NOT NULL
) ENGINE=InnoDB DEFAULT CHARSET=utf8mb4 COLLATE=utf8mb4_unicode_ci;

-- --------------------------------------------------------

--
-- Table structure for table `model_has_roles`
--

CREATE TABLE `model_has_roles` (
  `role_id` bigint(20) UNSIGNED NOT NULL,
  `model_type` varchar(255) NOT NULL,
  `model_id` bigint(20) UNSIGNED NOT NULL
) ENGINE=InnoDB DEFAULT CHARSET=utf8mb4 COLLATE=utf8mb4_unicode_ci;

--
-- Dumping data for table `model_has_roles`
--

INSERT INTO `model_has_roles` (`role_id`, `model_type`, `model_id`) VALUES
(1, 'App\\Models\\User', 2);

-- --------------------------------------------------------

--
-- Table structure for table `password_reset_tokens`
--

CREATE TABLE `password_reset_tokens` (
  `email` varchar(255) NOT NULL,
  `token` varchar(255) NOT NULL,
  `created_at` timestamp NULL DEFAULT NULL
) ENGINE=InnoDB DEFAULT CHARSET=utf8mb4 COLLATE=utf8mb4_unicode_ci;

-- --------------------------------------------------------

--
-- Table structure for table `pengampu`
--

CREATE TABLE `pengampu` (
  `id` bigint(20) UNSIGNED NOT NULL,
  `dosen_id` bigint(20) UNSIGNED NOT NULL,
  `matkul_id` bigint(20) UNSIGNED NOT NULL,
  `created_at` timestamp NULL DEFAULT NULL,
  `updated_at` timestamp NULL DEFAULT NULL,
  `kelas_id` bigint(20) UNSIGNED NOT NULL
) ENGINE=InnoDB DEFAULT CHARSET=utf8mb4 COLLATE=utf8mb4_unicode_ci;

--
-- Dumping data for table `pengampu`
--

INSERT INTO `pengampu` (`id`, `dosen_id`, `matkul_id`, `created_at`, `updated_at`, `kelas_id`) VALUES
(1, 1, 1, '0000-00-00 00:00:00', '0000-00-00 00:00:00', 1),
(2, 1, 2, '0000-00-00 00:00:00', '0000-00-00 00:00:00', 9),
(3, 1, 1, '0000-00-00 00:00:00', '0000-00-00 00:00:00', 2),
(4, 1, 2, '0000-00-00 00:00:00', '0000-00-00 00:00:00', 7),
(5, 1, 2, '0000-00-00 00:00:00', '0000-00-00 00:00:00', 8),
(6, 2, 3, '0000-00-00 00:00:00', '0000-00-00 00:00:00', 2),
(7, 2, 3, '0000-00-00 00:00:00', '0000-00-00 00:00:00', 3),
(8, 2, 4, '0000-00-00 00:00:00', '0000-00-00 00:00:00', 3),
(9, 2, 4, '0000-00-00 00:00:00', '0000-00-00 00:00:00', 4),
(10, 2, 4, '0000-00-00 00:00:00', '0000-00-00 00:00:00', 1),
(11, 2, 4, '0000-00-00 00:00:00', '0000-00-00 00:00:00', 2),
(12, 3, 5, '0000-00-00 00:00:00', '0000-00-00 00:00:00', 1),
(13, 3, 5, '0000-00-00 00:00:00', '0000-00-00 00:00:00', 2),
(14, 3, 5, '0000-00-00 00:00:00', '0000-00-00 00:00:00', 3),
(15, 3, 5, '0000-00-00 00:00:00', '0000-00-00 00:00:00', 4),
(16, 3, 6, '0000-00-00 00:00:00', '0000-00-00 00:00:00', 1),
(17, 3, 6, '0000-00-00 00:00:00', '0000-00-00 00:00:00', 3),
(18, 4, 7, '0000-00-00 00:00:00', '0000-00-00 00:00:00', 7),
(19, 4, 7, '0000-00-00 00:00:00', '0000-00-00 00:00:00', 9),
(20, 4, 8, '0000-00-00 00:00:00', '0000-00-00 00:00:00', 1),
(21, 4, 9, '0000-00-00 00:00:00', '0000-00-00 00:00:00', 5),
(22, 4, 9, '0000-00-00 00:00:00', '0000-00-00 00:00:00', 6),
(23, 5, 10, '0000-00-00 00:00:00', '0000-00-00 00:00:00', 5),
(24, 5, 3, '0000-00-00 00:00:00', '0000-00-00 00:00:00', 1),
(25, 5, 11, '0000-00-00 00:00:00', '0000-00-00 00:00:00', 7),
(26, 5, 11, '0000-00-00 00:00:00', '0000-00-00 00:00:00', 8),
(27, 5, 11, '0000-00-00 00:00:00', '0000-00-00 00:00:00', 9),
(28, 5, 12, '0000-00-00 00:00:00', '0000-00-00 00:00:00', 8),
(29, 5, 12, '0000-00-00 00:00:00', '0000-00-00 00:00:00', 9),
(30, 6, 7, '0000-00-00 00:00:00', '0000-00-00 00:00:00', 7),
(31, 6, 7, '0000-00-00 00:00:00', '0000-00-00 00:00:00', 8),
(32, 6, 7, '0000-00-00 00:00:00', '0000-00-00 00:00:00', 9),
(33, 6, 12, '0000-00-00 00:00:00', '0000-00-00 00:00:00', 7),
(34, 6, 13, '0000-00-00 00:00:00', '0000-00-00 00:00:00', 7),
(35, 6, 13, '0000-00-00 00:00:00', '0000-00-00 00:00:00', 8),
(36, 6, 13, '0000-00-00 00:00:00', '0000-00-00 00:00:00', 9),
(37, 7, 14, '0000-00-00 00:00:00', '0000-00-00 00:00:00', 5),
(38, 7, 15, '0000-00-00 00:00:00', '0000-00-00 00:00:00', 1),
(39, 7, 15, '0000-00-00 00:00:00', '0000-00-00 00:00:00', 2),
(40, 7, 15, '0000-00-00 00:00:00', '0000-00-00 00:00:00', 3),
(41, 7, 15, '0000-00-00 00:00:00', '0000-00-00 00:00:00', 4),
(42, 7, 16, '0000-00-00 00:00:00', '0000-00-00 00:00:00', 5),
(43, 7, 16, '0000-00-00 00:00:00', '0000-00-00 00:00:00', 6),
(44, 8, 17, '0000-00-00 00:00:00', '0000-00-00 00:00:00', 3),
(45, 8, 17, '0000-00-00 00:00:00', '0000-00-00 00:00:00', 4),
(46, 8, 18, '0000-00-00 00:00:00', '0000-00-00 00:00:00', 7),
(47, 8, 18, '0000-00-00 00:00:00', '0000-00-00 00:00:00', 8),
(48, 8, 18, '0000-00-00 00:00:00', '0000-00-00 00:00:00', 9),
(49, 8, 6, '0000-00-00 00:00:00', '0000-00-00 00:00:00', 4),
(50, 9, 19, '0000-00-00 00:00:00', '0000-00-00 00:00:00', 5),
(51, 9, 20, '0000-00-00 00:00:00', '0000-00-00 00:00:00', 5),
(52, 9, 19, '0000-00-00 00:00:00', '0000-00-00 00:00:00', 6),
(53, 9, 20, '0000-00-00 00:00:00', '0000-00-00 00:00:00', 6),
(54, 9, 3, '0000-00-00 00:00:00', '0000-00-00 00:00:00', 4),
(55, 9, 6, '0000-00-00 00:00:00', '0000-00-00 00:00:00', 2),
(56, 10, 14, '0000-00-00 00:00:00', '0000-00-00 00:00:00', 6),
(57, 10, 21, '0000-00-00 00:00:00', '0000-00-00 00:00:00', 8),
(58, 10, 21, '0000-00-00 00:00:00', '0000-00-00 00:00:00', 7),
(59, 10, 21, '0000-00-00 00:00:00', '0000-00-00 00:00:00', 9),
(60, 10, 19, '0000-00-00 00:00:00', '0000-00-00 00:00:00', 6),
(61, 11, 17, '0000-00-00 00:00:00', '0000-00-00 00:00:00', 1),
(62, 11, 19, '0000-00-00 00:00:00', '0000-00-00 00:00:00', 5),
(63, 11, 14, '0000-00-00 00:00:00', '0000-00-00 00:00:00', 6),
(64, 11, 17, '0000-00-00 00:00:00', '0000-00-00 00:00:00', 2),
(65, 11, 22, '0000-00-00 00:00:00', '0000-00-00 00:00:00', 5),
(66, 11, 22, '0000-00-00 00:00:00', '0000-00-00 00:00:00', 6),
(67, 12, 1, '0000-00-00 00:00:00', '0000-00-00 00:00:00', 3),
(68, 12, 1, '0000-00-00 00:00:00', '0000-00-00 00:00:00', 4),
(69, 12, 3, '0000-00-00 00:00:00', '0000-00-00 00:00:00', 1),
(70, 12, 3, '0000-00-00 00:00:00', '0000-00-00 00:00:00', 2),
(71, 12, 3, '0000-00-00 00:00:00', '0000-00-00 00:00:00', 4),
(72, 12, 20, '0000-00-00 00:00:00', '0000-00-00 00:00:00', 6),
(73, 12, 10, '0000-00-00 00:00:00', '0000-00-00 00:00:00', 6),
(74, 13, 8, '0000-00-00 00:00:00', '0000-00-00 00:00:00', 2),
(75, 13, 8, '0000-00-00 00:00:00', '0000-00-00 00:00:00', 4),
(76, 13, 7, '0000-00-00 00:00:00', '0000-00-00 00:00:00', 7),
(77, 13, 7, '0000-00-00 00:00:00', '0000-00-00 00:00:00', 8),
(78, 13, 7, '0000-00-00 00:00:00', '0000-00-00 00:00:00', 9),
(79, 13, 3, '0000-00-00 00:00:00', '0000-00-00 00:00:00', 3),
(80, 13, 8, '0000-00-00 00:00:00', '0000-00-00 00:00:00', 3),
(81, 14, 1, '0000-00-00 00:00:00', '0000-00-00 00:00:00', 1),
(82, 14, 2, '0000-00-00 00:00:00', '0000-00-00 00:00:00', 9),
(83, 14, 1, '0000-00-00 00:00:00', '0000-00-00 00:00:00', 2),
(84, 14, 2, '0000-00-00 00:00:00', '0000-00-00 00:00:00', 7),
(85, 14, 2, '0000-00-00 00:00:00', '0000-00-00 00:00:00', 8),
(86, 15, 17, '0000-00-00 00:00:00', '0000-00-00 00:00:00', 1),
(87, 15, 22, '0000-00-00 00:00:00', '0000-00-00 00:00:00', 5),
(88, 15, 22, '0000-00-00 00:00:00', '0000-00-00 00:00:00', 6),
(89, 15, 14, '0000-00-00 00:00:00', '0000-00-00 00:00:00', 5),
(90, 15, 18, '0000-00-00 00:00:00', '0000-00-00 00:00:00', 9),
(91, 16, 17, '0000-00-00 00:00:00', '0000-00-00 00:00:00', 3),
(92, 16, 18, '0000-00-00 00:00:00', '0000-00-00 00:00:00', 7),
(93, 16, 18, '0000-00-00 00:00:00', '0000-00-00 00:00:00', 8),
(94, 16, 15, '0000-00-00 00:00:00', '0000-00-00 00:00:00', 1),
(95, 16, 15, '0000-00-00 00:00:00', '0000-00-00 00:00:00', 3),
(96, 16, 16, '0000-00-00 00:00:00', '0000-00-00 00:00:00', 5),
(97, 17, 7, '0000-00-00 00:00:00', '0000-00-00 00:00:00', 8),
(98, 17, 8, '0000-00-00 00:00:00', '0000-00-00 00:00:00', 2),
(99, 17, 8, '0000-00-00 00:00:00', '0000-00-00 00:00:00', 4),
(100, 17, 8, '0000-00-00 00:00:00', '0000-00-00 00:00:00', 1),
(101, 17, 8, '0000-00-00 00:00:00', '0000-00-00 00:00:00', 3),
(102, 18, 10, '0000-00-00 00:00:00', '0000-00-00 00:00:00', 5),
(103, 18, 10, '0000-00-00 00:00:00', '0000-00-00 00:00:00', 6),
(104, 18, 13, '0000-00-00 00:00:00', '0000-00-00 00:00:00', 7),
(105, 18, 13, '0000-00-00 00:00:00', '0000-00-00 00:00:00', 9),
(106, 18, 20, '0000-00-00 00:00:00', '0000-00-00 00:00:00', 6),
(107, 19, 10, '0000-00-00 00:00:00', '0000-00-00 00:00:00', 5),
(108, 19, 1, '0000-00-00 00:00:00', '0000-00-00 00:00:00', 3),
(109, 19, 1, '0000-00-00 00:00:00', '0000-00-00 00:00:00', 4),
(110, 19, 21, '0000-00-00 00:00:00', '0000-00-00 00:00:00', 9),
(111, 19, 21, '0000-00-00 00:00:00', '0000-00-00 00:00:00', 7),
(112, 20, 20, '0000-00-00 00:00:00', '0000-00-00 00:00:00', 5),
(113, 20, 21, '0000-00-00 00:00:00', '0000-00-00 00:00:00', 8),
(114, 20, 21, '0000-00-00 00:00:00', '0000-00-00 00:00:00', 7),
(115, 20, 13, '0000-00-00 00:00:00', '0000-00-00 00:00:00', 8),
(116, 20, 10, '0000-00-00 00:00:00', '0000-00-00 00:00:00', 6),
(117, 20, 13, '0000-00-00 00:00:00', '0000-00-00 00:00:00', 7),
(118, 20, 13, '0000-00-00 00:00:00', '0000-00-00 00:00:00', 9),
(119, 21, 23, '0000-00-00 00:00:00', '0000-00-00 00:00:00', 1),
(120, 21, 23, '0000-00-00 00:00:00', '0000-00-00 00:00:00', 2),
(121, 21, 23, '0000-00-00 00:00:00', '0000-00-00 00:00:00', 3),
(122, 21, 23, '0000-00-00 00:00:00', '0000-00-00 00:00:00', 4),
(123, 21, 24, '0000-00-00 00:00:00', '0000-00-00 00:00:00', 5),
(124, 21, 24, '0000-00-00 00:00:00', '0000-00-00 00:00:00', 6),
(125, 22, 25, '0000-00-00 00:00:00', '0000-00-00 00:00:00', 10),
(126, 22, 26, '0000-00-00 00:00:00', '0000-00-00 00:00:00', 10),
(127, 22, 26, '0000-00-00 00:00:00', '0000-00-00 00:00:00', 11),
(128, 22, 27, '0000-00-00 00:00:00', '0000-00-00 00:00:00', 17),
(129, 22, 27, '0000-00-00 00:00:00', '0000-00-00 00:00:00', 18),
(130, 22, 28, '0000-00-00 00:00:00', '0000-00-00 00:00:00', 18),
(131, 22, 29, '0000-00-00 00:00:00', '0000-00-00 00:00:00', 19),
(132, 22, 29, '0000-00-00 00:00:00', '0000-00-00 00:00:00', 20),
(133, 23, 30, '0000-00-00 00:00:00', '0000-00-00 00:00:00', 12),
(134, 23, 27, '0000-00-00 00:00:00', '0000-00-00 00:00:00', 17),
(135, 23, 28, '0000-00-00 00:00:00', '0000-00-00 00:00:00', 17),
(136, 23, 28, '0000-00-00 00:00:00', '0000-00-00 00:00:00', 18),
(137, 23, 31, '0000-00-00 00:00:00', '0000-00-00 00:00:00', 19),
(138, 23, 32, '0000-00-00 00:00:00', '0000-00-00 00:00:00', 19),
(139, 23, 31, '0000-00-00 00:00:00', '0000-00-00 00:00:00', 20),
(140, 23, 32, '0000-00-00 00:00:00', '0000-00-00 00:00:00', 20),
(141, 23, 33, '0000-00-00 00:00:00', '0000-00-00 00:00:00', 13),
(142, 23, 30, '0000-00-00 00:00:00', '0000-00-00 00:00:00', 13),
(143, 24, 33, '0000-00-00 00:00:00', '0000-00-00 00:00:00', 10),
(144, 24, 34, '0000-00-00 00:00:00', '0000-00-00 00:00:00', 10),
(145, 24, 33, '0000-00-00 00:00:00', '0000-00-00 00:00:00', 11),
(146, 24, 34, '0000-00-00 00:00:00', '0000-00-00 00:00:00', 11),
(147, 24, 33, '0000-00-00 00:00:00', '0000-00-00 00:00:00', 12),
(148, 24, 34, '0000-00-00 00:00:00', '0000-00-00 00:00:00', 12),
(149, 24, 35, '0000-00-00 00:00:00', '0000-00-00 00:00:00', 12),
(150, 24, 36, '0000-00-00 00:00:00', '0000-00-00 00:00:00', 19),
(151, 24, 36, '0000-00-00 00:00:00', '0000-00-00 00:00:00', 20),
(152, 24, 33, '0000-00-00 00:00:00', '0000-00-00 00:00:00', 13),
(153, 24, 34, '0000-00-00 00:00:00', '0000-00-00 00:00:00', 13),
(154, 25, 37, '0000-00-00 00:00:00', '0000-00-00 00:00:00', 14),
(155, 25, 38, '0000-00-00 00:00:00', '0000-00-00 00:00:00', 14),
(156, 25, 37, '0000-00-00 00:00:00', '0000-00-00 00:00:00', 15),
(157, 25, 39, '0000-00-00 00:00:00', '0000-00-00 00:00:00', 19),
(158, 25, 39, '0000-00-00 00:00:00', '0000-00-00 00:00:00', 20),
(159, 25, 37, '0000-00-00 00:00:00', '0000-00-00 00:00:00', 16),
(160, 25, 38, '0000-00-00 00:00:00', '0000-00-00 00:00:00', 16),
(161, 26, 35, '0000-00-00 00:00:00', '0000-00-00 00:00:00', 10),
(162, 26, 35, '0000-00-00 00:00:00', '0000-00-00 00:00:00', 11),
(163, 26, 40, '0000-00-00 00:00:00', '0000-00-00 00:00:00', 14),
(164, 26, 40, '0000-00-00 00:00:00', '0000-00-00 00:00:00', 15),
(165, 26, 41, '0000-00-00 00:00:00', '0000-00-00 00:00:00', 17),
(166, 26, 41, '0000-00-00 00:00:00', '0000-00-00 00:00:00', 18),
(167, 26, 28, '0000-00-00 00:00:00', '0000-00-00 00:00:00', 18),
(168, 26, 26, '0000-00-00 00:00:00', '0000-00-00 00:00:00', 13),
(169, 26, 40, '0000-00-00 00:00:00', '0000-00-00 00:00:00', 16),
(170, 27, 30, '0000-00-00 00:00:00', '0000-00-00 00:00:00', 10),
(171, 27, 30, '0000-00-00 00:00:00', '0000-00-00 00:00:00', 11),
(172, 27, 42, '0000-00-00 00:00:00', '0000-00-00 00:00:00', 14),
(173, 27, 43, '0000-00-00 00:00:00', '0000-00-00 00:00:00', 15),
(174, 27, 42, '0000-00-00 00:00:00', '0000-00-00 00:00:00', 15),
(175, 27, 44, '0000-00-00 00:00:00', '0000-00-00 00:00:00', 17),
(176, 27, 44, '0000-00-00 00:00:00', '0000-00-00 00:00:00', 18),
(177, 27, 42, '0000-00-00 00:00:00', '0000-00-00 00:00:00', 16),
(178, 28, 35, '0000-00-00 00:00:00', '0000-00-00 00:00:00', 10),
(179, 28, 40, '0000-00-00 00:00:00', '0000-00-00 00:00:00', 14),
(180, 28, 40, '0000-00-00 00:00:00', '0000-00-00 00:00:00', 15),
(181, 28, 41, '0000-00-00 00:00:00', '0000-00-00 00:00:00', 17),
(182, 28, 45, '0000-00-00 00:00:00', '0000-00-00 00:00:00', 17),
(183, 28, 28, '0000-00-00 00:00:00', '0000-00-00 00:00:00', 17),
(184, 28, 45, '0000-00-00 00:00:00', '0000-00-00 00:00:00', 18),
(185, 28, 46, '0000-00-00 00:00:00', '0000-00-00 00:00:00', 19),
(186, 28, 46, '0000-00-00 00:00:00', '0000-00-00 00:00:00', 20),
(187, 28, 47, '0000-00-00 00:00:00', '0000-00-00 00:00:00', 19),
(188, 28, 47, '0000-00-00 00:00:00', '0000-00-00 00:00:00', 20),
(189, 28, 35, '0000-00-00 00:00:00', '0000-00-00 00:00:00', 13),
(190, 28, 40, '0000-00-00 00:00:00', '0000-00-00 00:00:00', 16),
(191, 29, 33, '0000-00-00 00:00:00', '0000-00-00 00:00:00', 10),
(192, 29, 35, '0000-00-00 00:00:00', '0000-00-00 00:00:00', 12),
(193, 29, 48, '0000-00-00 00:00:00', '0000-00-00 00:00:00', 14),
(194, 29, 48, '0000-00-00 00:00:00', '0000-00-00 00:00:00', 15),
(195, 29, 49, '0000-00-00 00:00:00', '0000-00-00 00:00:00', 17),
(196, 29, 45, '0000-00-00 00:00:00', '0000-00-00 00:00:00', 17),
(197, 29, 49, '0000-00-00 00:00:00', '0000-00-00 00:00:00', 18),
(198, 29, 45, '0000-00-00 00:00:00', '0000-00-00 00:00:00', 18),
(199, 29, 48, '0000-00-00 00:00:00', '0000-00-00 00:00:00', 16),
(200, 30, 35, '0000-00-00 00:00:00', '0000-00-00 00:00:00', 12),
(201, 30, 43, '0000-00-00 00:00:00', '0000-00-00 00:00:00', 14),
(202, 30, 50, '0000-00-00 00:00:00', '0000-00-00 00:00:00', 14),
(203, 30, 50, '0000-00-00 00:00:00', '0000-00-00 00:00:00', 15),
(204, 30, 38, '0000-00-00 00:00:00', '0000-00-00 00:00:00', 15),
(205, 30, 27, '0000-00-00 00:00:00', '0000-00-00 00:00:00', 18),
(206, 30, 43, '0000-00-00 00:00:00', '0000-00-00 00:00:00', 16),
(207, 30, 50, '0000-00-00 00:00:00', '0000-00-00 00:00:00', 16),
(208, 31, 26, '0000-00-00 00:00:00', '0000-00-00 00:00:00', 12),
(209, 31, 50, '0000-00-00 00:00:00', '0000-00-00 00:00:00', 15),
(210, 31, 51, '0000-00-00 00:00:00', '0000-00-00 00:00:00', 17),
(211, 31, 27, '0000-00-00 00:00:00', '0000-00-00 00:00:00', 17),
(212, 31, 45, '0000-00-00 00:00:00', '0000-00-00 00:00:00', 17),
(213, 31, 28, '0000-00-00 00:00:00', '0000-00-00 00:00:00', 17),
(214, 31, 45, '0000-00-00 00:00:00', '0000-00-00 00:00:00', 18),
(215, 31, 32, '0000-00-00 00:00:00', '0000-00-00 00:00:00', 19),
(216, 31, 26, '0000-00-00 00:00:00', '0000-00-00 00:00:00', 13),
(217, 32, 25, '0000-00-00 00:00:00', '0000-00-00 00:00:00', 10),
(218, 32, 25, '0000-00-00 00:00:00', '0000-00-00 00:00:00', 11),
(219, 32, 25, '0000-00-00 00:00:00', '0000-00-00 00:00:00', 12),
(220, 32, 52, '0000-00-00 00:00:00', '0000-00-00 00:00:00', 10),
(221, 32, 52, '0000-00-00 00:00:00', '0000-00-00 00:00:00', 11),
(222, 32, 52, '0000-00-00 00:00:00', '0000-00-00 00:00:00', 12),
(223, 32, 53, '0000-00-00 00:00:00', '0000-00-00 00:00:00', 14),
(224, 32, 53, '0000-00-00 00:00:00', '0000-00-00 00:00:00', 15),
(225, 32, 51, '0000-00-00 00:00:00', '0000-00-00 00:00:00', 17),
(226, 32, 51, '0000-00-00 00:00:00', '0000-00-00 00:00:00', 18),
(227, 32, 25, '0000-00-00 00:00:00', '0000-00-00 00:00:00', 13),
(228, 32, 52, '0000-00-00 00:00:00', '0000-00-00 00:00:00', 13),
(229, 32, 26, '0000-00-00 00:00:00', '0000-00-00 00:00:00', 13),
(230, 32, 53, '0000-00-00 00:00:00', '0000-00-00 00:00:00', 16),
(231, 33, 30, '0000-00-00 00:00:00', '0000-00-00 00:00:00', 10),
(232, 33, 26, '0000-00-00 00:00:00', '0000-00-00 00:00:00', 10),
(233, 33, 26, '0000-00-00 00:00:00', '0000-00-00 00:00:00', 11),
(234, 33, 26, '0000-00-00 00:00:00', '0000-00-00 00:00:00', 12),
(235, 33, 43, '0000-00-00 00:00:00', '0000-00-00 00:00:00', 14),
(236, 33, 43, '0000-00-00 00:00:00', '0000-00-00 00:00:00', 15),
(237, 33, 43, '0000-00-00 00:00:00', '0000-00-00 00:00:00', 16),
(238, 33, 38, '0000-00-00 00:00:00', '0000-00-00 00:00:00', 16),
(239, 34, 30, '0000-00-00 00:00:00', '0000-00-00 00:00:00', 10),
(240, 34, 33, '0000-00-00 00:00:00', '0000-00-00 00:00:00', 11),
(241, 34, 26, '0000-00-00 00:00:00', '0000-00-00 00:00:00', 11),
(242, 34, 30, '0000-00-00 00:00:00', '0000-00-00 00:00:00', 12),
(243, 34, 43, '0000-00-00 00:00:00', '0000-00-00 00:00:00', 14),
(244, 34, 50, '0000-00-00 00:00:00', '0000-00-00 00:00:00', 14),
(245, 34, 38, '0000-00-00 00:00:00', '0000-00-00 00:00:00', 15),
(246, 34, 28, '0000-00-00 00:00:00', '0000-00-00 00:00:00', 17),
(247, 35, 33, '0000-00-00 00:00:00', '0000-00-00 00:00:00', 11),
(248, 35, 33, '0000-00-00 00:00:00', '0000-00-00 00:00:00', 12),
(249, 35, 37, '0000-00-00 00:00:00', '0000-00-00 00:00:00', 14),
(250, 35, 38, '0000-00-00 00:00:00', '0000-00-00 00:00:00', 14),
(251, 35, 37, '0000-00-00 00:00:00', '0000-00-00 00:00:00', 15),
(252, 35, 34, '0000-00-00 00:00:00', '0000-00-00 00:00:00', 12),
(253, 35, 39, '0000-00-00 00:00:00', '0000-00-00 00:00:00', 19),
(254, 35, 42, '0000-00-00 00:00:00', '0000-00-00 00:00:00', 16),
(255, 36, 33, '0000-00-00 00:00:00', '0000-00-00 00:00:00', 10),
(256, 36, 30, '0000-00-00 00:00:00', '0000-00-00 00:00:00', 11),
(257, 36, 43, '0000-00-00 00:00:00', '0000-00-00 00:00:00', 15),
(258, 36, 50, '0000-00-00 00:00:00', '0000-00-00 00:00:00', 15),
(259, 36, 42, '0000-00-00 00:00:00', '0000-00-00 00:00:00', 15),
(260, 36, 49, '0000-00-00 00:00:00', '0000-00-00 00:00:00', 18),
(261, 36, 28, '0000-00-00 00:00:00', '0000-00-00 00:00:00', 18),
(262, 36, 32, '0000-00-00 00:00:00', '0000-00-00 00:00:00', 19),
(263, 37, 35, '0000-00-00 00:00:00', '0000-00-00 00:00:00', 10),
(264, 37, 35, '0000-00-00 00:00:00', '0000-00-00 00:00:00', 11),
(265, 37, 30, '0000-00-00 00:00:00', '0000-00-00 00:00:00', 12),
(266, 37, 40, '0000-00-00 00:00:00', '0000-00-00 00:00:00', 14),
(267, 37, 40, '0000-00-00 00:00:00', '0000-00-00 00:00:00', 15),
(268, 37, 49, '0000-00-00 00:00:00', '0000-00-00 00:00:00', 17),
(269, 37, 41, '0000-00-00 00:00:00', '0000-00-00 00:00:00', 17),
(270, 37, 41, '0000-00-00 00:00:00', '0000-00-00 00:00:00', 18),
(271, 37, 35, '0000-00-00 00:00:00', '0000-00-00 00:00:00', 13),
(272, 37, 40, '0000-00-00 00:00:00', '0000-00-00 00:00:00', 16),
(273, 38, 26, '0000-00-00 00:00:00', '0000-00-00 00:00:00', 11),
(274, 38, 26, '0000-00-00 00:00:00', '0000-00-00 00:00:00', 12),
(275, 38, 27, '0000-00-00 00:00:00', '0000-00-00 00:00:00', 17),
(276, 38, 45, '0000-00-00 00:00:00', '0000-00-00 00:00:00', 17),
(277, 38, 27, '0000-00-00 00:00:00', '0000-00-00 00:00:00', 18),
(278, 38, 51, '0000-00-00 00:00:00', '0000-00-00 00:00:00', 18),
(279, 38, 45, '0000-00-00 00:00:00', '0000-00-00 00:00:00', 18),
(280, 38, 26, '0000-00-00 00:00:00', '0000-00-00 00:00:00', 13),
(281, 39, 34, '0000-00-00 00:00:00', '0000-00-00 00:00:00', 10),
(282, 39, 34, '0000-00-00 00:00:00', '0000-00-00 00:00:00', 11),
(283, 39, 50, '0000-00-00 00:00:00', '0000-00-00 00:00:00', 15),
(284, 39, 42, '0000-00-00 00:00:00', '0000-00-00 00:00:00', 15),
(285, 39, 50, '0000-00-00 00:00:00', '0000-00-00 00:00:00', 16),
(286, 39, 44, '0000-00-00 00:00:00', '0000-00-00 00:00:00', 17),
(287, 39, 27, '0000-00-00 00:00:00', '0000-00-00 00:00:00', 18),
(288, 39, 51, '0000-00-00 00:00:00', '0000-00-00 00:00:00', 18),
(289, 39, 33, '0000-00-00 00:00:00', '0000-00-00 00:00:00', 13),
(290, 39, 50, '0000-00-00 00:00:00', '0000-00-00 00:00:00', 16),
(291, 40, 39, '0000-00-00 00:00:00', '0000-00-00 00:00:00', 19),
(292, 40, 39, '0000-00-00 00:00:00', '0000-00-00 00:00:00', 20),
(293, 40, 30, '0000-00-00 00:00:00', '0000-00-00 00:00:00', 13),
(294, 40, 37, '0000-00-00 00:00:00', '0000-00-00 00:00:00', 16),
(295, 40, 50, '0000-00-00 00:00:00', '0000-00-00 00:00:00', 16),
(296, 41, 54, '0000-00-00 00:00:00', '0000-00-00 00:00:00', 10),
(297, 41, 54, '0000-00-00 00:00:00', '0000-00-00 00:00:00', 11),
(298, 41, 54, '0000-00-00 00:00:00', '0000-00-00 00:00:00', 12),
(299, 41, 54, '0000-00-00 00:00:00', '0000-00-00 00:00:00', 13),
(300, 42, 55, '0000-00-00 00:00:00', '0000-00-00 00:00:00', 10),
(301, 42, 55, '0000-00-00 00:00:00', '0000-00-00 00:00:00', 11),
(302, 42, 55, '0000-00-00 00:00:00', '0000-00-00 00:00:00', 12),
(303, 42, 55, '0000-00-00 00:00:00', '0000-00-00 00:00:00', 13),
(304, 43, 56, '0000-00-00 00:00:00', '0000-00-00 00:00:00', 17),
(305, 43, 56, '0000-00-00 00:00:00', '0000-00-00 00:00:00', 18),
(306, 44, 29, '0000-00-00 00:00:00', '0000-00-00 00:00:00', 19),
(307, 44, 29, '0000-00-00 00:00:00', '0000-00-00 00:00:00', 20);

-- --------------------------------------------------------

--
-- Table structure for table `permissions`
--

CREATE TABLE `permissions` (
  `id` bigint(20) UNSIGNED NOT NULL,
  `name` varchar(255) NOT NULL,
  `guard_name` varchar(255) NOT NULL,
  `created_at` timestamp NULL DEFAULT NULL,
  `updated_at` timestamp NULL DEFAULT NULL
) ENGINE=InnoDB DEFAULT CHARSET=utf8mb4 COLLATE=utf8mb4_unicode_ci;

--
-- Dumping data for table `permissions`
--

INSERT INTO `permissions` (`id`, `name`, `guard_name`, `created_at`, `updated_at`) VALUES
(1, 'menu-dashboard', 'web', '2024-08-21 19:26:04', '2024-08-21 19:26:04'),
(2, 'menu-master-data', 'web', '2024-08-21 19:26:04', '2024-08-21 19:26:04'),
(3, 'menu-generate', 'web', '2024-08-21 19:26:04', '2024-08-21 19:26:04'),
(4, 'menu-hasil-generate', 'web', '2024-08-21 19:26:04', '2024-08-21 19:26:04');

-- --------------------------------------------------------

--
-- Table structure for table `personal_access_tokens`
--

CREATE TABLE `personal_access_tokens` (
  `id` bigint(20) UNSIGNED NOT NULL,
  `tokenable_type` varchar(255) NOT NULL,
  `tokenable_id` bigint(20) UNSIGNED NOT NULL,
  `name` varchar(255) NOT NULL,
  `token` varchar(64) NOT NULL,
  `abilities` text DEFAULT NULL,
  `last_used_at` timestamp NULL DEFAULT NULL,
  `expires_at` timestamp NULL DEFAULT NULL,
  `created_at` timestamp NULL DEFAULT NULL,
  `updated_at` timestamp NULL DEFAULT NULL
) ENGINE=InnoDB DEFAULT CHARSET=utf8mb4 COLLATE=utf8mb4_unicode_ci;

-- --------------------------------------------------------

--
-- Table structure for table `roles`
--

CREATE TABLE `roles` (
  `id` bigint(20) UNSIGNED NOT NULL,
  `name` varchar(255) NOT NULL,
  `guard_name` varchar(255) NOT NULL,
  `created_at` timestamp NULL DEFAULT NULL,
  `updated_at` timestamp NULL DEFAULT NULL
) ENGINE=InnoDB DEFAULT CHARSET=utf8mb4 COLLATE=utf8mb4_unicode_ci;

--
-- Dumping data for table `roles`
--

INSERT INTO `roles` (`id`, `name`, `guard_name`, `created_at`, `updated_at`) VALUES
(1, 'admin', 'web', '2024-08-21 19:26:04', '2024-08-21 19:26:04'),
(2, 'academic staff', 'web', '2024-08-21 19:26:04', '2024-08-21 19:26:04'),
(3, 'participant', 'web', '2024-08-21 19:26:04', '2024-08-21 19:26:04'),
(4, 'dosen', 'web', '2024-09-01 23:42:11', '2024-09-01 23:42:11');

-- --------------------------------------------------------

--
-- Table structure for table `role_has_permissions`
--

CREATE TABLE `role_has_permissions` (
  `permission_id` bigint(20) UNSIGNED NOT NULL,
  `role_id` bigint(20) UNSIGNED NOT NULL
) ENGINE=InnoDB DEFAULT CHARSET=utf8mb4 COLLATE=utf8mb4_unicode_ci;

--
-- Dumping data for table `role_has_permissions`
--

INSERT INTO `role_has_permissions` (`permission_id`, `role_id`) VALUES
(1, 1),
(2, 1),
(3, 1),
(4, 1),
(4, 2),
(4, 3),
(4, 4);

-- --------------------------------------------------------

--
-- Table structure for table `ruangan`
--

CREATE TABLE `ruangan` (
  `id` bigint(20) UNSIGNED NOT NULL,
  `nama_ruangan` varchar(255) NOT NULL,
  `kode_ruangan` varchar(255) NOT NULL,
  `lokasi` varchar(255) NOT NULL,
  `created_at` timestamp NULL DEFAULT NULL,
  `updated_at` timestamp NULL DEFAULT NULL
) ENGINE=InnoDB DEFAULT CHARSET=utf8mb4 COLLATE=utf8mb4_unicode_ci;

--
-- Dumping data for table `ruangan`
--

INSERT INTO `ruangan` (`id`, `nama_ruangan`, `kode_ruangan`, `lokasi`, `created_at`, `updated_at`) VALUES
(1, 'EL2.203-Kampus 2', 'EL2.203-K2', 'Kampus 2', '0000-00-00 00:00:00', '0000-00-00 00:00:00'),
(2, 'EL3.309-Kampus 2', 'EL3.309-K2', 'Kampus 2', '0000-00-00 00:00:00', '0000-00-00 00:00:00'),
(3, 'EL3.107-Kampus 2', 'EL3.107-K2', 'Kampus 2', '0000-00-00 00:00:00', '0000-00-00 00:00:00'),
(4, 'EL3-Sisfo-Kampus 2', 'EL3-Sisfo-K2', 'Kampus 2', '0000-00-00 00:00:00', '0000-00-00 00:00:00'),
(5, 'EL3.208-Kampus 2', 'EL3.208-K2', 'Kampus 2', '0000-00-00 00:00:00', '0000-00-00 00:00:00'),
(6, 'CNAP-AD305-Kampus 1', 'CNAP-AD305-K1', 'Kampus 1', '0000-00-00 00:00:00', '0000-00-00 00:00:00'),
(7, 'EL3.106-Kampus 2', 'EL3.106-K2', 'Kampus 2', '0000-00-00 00:00:00', '0000-00-00 00:00:00'),
(8, 'IoT-AD-Kampus 1', 'IoT-AD-K1', 'Kampus 1', '0000-00-00 00:00:00', '0000-00-00 00:00:00'),
(9, 'TC209b-Kampus 1', 'TC209b-K1', 'Kampus 1', '0000-00-00 00:00:00', '0000-00-00 00:00:00'),
(10, 'EL3.307-Kampus 2', 'EL3.307-K2', 'Kampus 2', '0000-00-00 00:00:00', '0000-00-00 00:00:00'),
(11, 'EL2.104-Kampus 2', 'EL2.104-K2', 'Kampus 2', '0000-00-00 00:00:00', '0000-00-00 00:00:00'),
(12, 'GS-301-Kampus 1', 'GS-301-K1', 'Kampus 1', '0000-00-00 00:00:00', '0000-00-00 00:00:00'),
(14, 'EL3.308-Kampus 2', 'EL3.308-K2', 'Kampus 2', '0000-00-00 00:00:00', '0000-00-00 00:00:00'),
(15, 'EL3.211-Kampus 2', 'EL3.211-K2', 'Kampus 2', '0000-00-00 00:00:00', '0000-00-00 00:00:00'),
(16, 'EL2.205-Kampus 2', 'EL2.205-K2', 'Kampus 2', '0000-00-00 00:00:00', '0000-00-00 00:00:00'),
(17, 'EL2.208-Kampus 2', 'EL2.208-K2', 'Kampus 2', '0000-00-00 00:00:00', '0000-00-00 00:00:00'),
(18, 'JTE-EL3.207-Kampus 2', 'JTE-EL3.207-K2', 'Kampus 2', '0000-00-00 00:00:00', '0000-00-00 00:00:00'),
(19, 'EL3.301-Kampus 2', 'EL3.301-K2', 'Kampus 2', '0000-00-00 00:00:00', '0000-00-00 00:00:00'),
(20, 'EL2.206-Kampus 2', 'EL2.206-K2', 'Kampus 2', '0000-00-00 00:00:00', '0000-00-00 00:00:00'),
(21, 'EL3.302-Kampus 2', 'EL3.302-K2', 'Kampus 2', '0000-00-00 00:00:00', '0000-00-00 00:00:00'),
(22, 'EL2.204-Kampus 2', 'EL2.204-K2', 'Kampus 2', '0000-00-00 00:00:00', '0000-00-00 00:00:00'),
(23, 'GS-308-Kampus 1', 'GS-308-K1', 'Kampus 1', '0000-00-00 00:00:00', '0000-00-00 00:00:00'),
(24, 'Aula-GS-Lt3-Kampus 1', 'Aula-GS-Lt3-K1', 'Kampus 1', '0000-00-00 00:00:00', '0000-00-00 00:00:00');

-- --------------------------------------------------------

--
-- Table structure for table `users`
--

CREATE TABLE `users` (
  `id` bigint(20) UNSIGNED NOT NULL,
  `name` varchar(255) NOT NULL,
  `email` varchar(255) NOT NULL,
  `role` varchar(255) NOT NULL DEFAULT 'admin',
  `email_verified_at` timestamp NULL DEFAULT NULL,
  `password` varchar(255) NOT NULL,
  `remember_token` varchar(100) DEFAULT NULL,
  `created_at` timestamp NULL DEFAULT NULL,
  `updated_at` timestamp NULL DEFAULT NULL
) ENGINE=InnoDB DEFAULT CHARSET=utf8mb4 COLLATE=utf8mb4_unicode_ci;

--
-- Dumping data for table `users`
--

INSERT INTO `users` (`id`, `name`, `email`, `role`, `email_verified_at`, `password`, `remember_token`, `created_at`, `updated_at`) VALUES
(2, 'admin', 'admin@gmail.com', 'admin', NULL, '$2y$12$X1JuqcZgrRbiyq1rxvzFzukhPPs.3J0QpO0EddaTPsSvglMM4oWSa', NULL, '2024-08-21 19:26:04', '2024-08-21 19:26:04'),
(3, 'iceng', 'iceng20@gmail.com', 'admin', NULL, '$2y$12$zsQAznFmLpO4hYX8FegV8Obs.23m.UHqdk59IidNX6v2S1ScgHUjW', '2VRmAPJzHC5g92qvHTN3H2ymK3p2S8QpCSih6RwSK6NCuBqwvZg6p98IwTT0', '2024-08-22 16:29:37', '2024-08-22 16:29:37'),
(4, 'panguriseng', 'panguriseng@gmail.com', 'admin', NULL, '$2y$12$cHz6h9wPfepUgjajyQmOu.cNO0w12lBVOfgzQDCXA9BDO.xTMZT2y', 'CtnOvC8SC4r8A7kdgvDk7ge6VaJEI5Wloa7lXn9g1VFWlzMch6', '2024-08-30 00:22:49', '2024-08-30 00:24:21'),
(5, 'bosku', 'bosku@gmail.com', 'admin', NULL, '$2y$12$SYZLxDMSmwn8bQcZaQVR7.iNA/RfqvpzPtuodeU9Xq.d9dCir0Fka', '9fADJ03b77i0tvoVQtWL1xDcI1VWpgtG2RObsT2ztx0J86ozu8', '2024-08-30 20:44:09', '2024-08-30 20:44:09'),
(6, 'tegar', 'tegar@gmail.com', 'admin', NULL, '$2y$12$Pcjke9nWLNqJNQODQla75.Cf4Qu/a/IkifOSBNmJ.sTdiqxhdcI8S', 'M1mWe5a0iWDfng4Q6tP2W4uVbd08D2bC13LmbYiGt0Ep3o4prH', '2024-09-01 20:56:39', '2024-09-01 20:56:39');

--
-- Indexes for dumped tables
--

--
-- Indexes for table `dosen`
--
ALTER TABLE `dosen`
  ADD PRIMARY KEY (`id`);

--
-- Indexes for table `failed_jobs`
--
ALTER TABLE `failed_jobs`
  ADD PRIMARY KEY (`id`),
  ADD UNIQUE KEY `failed_jobs_uuid_unique` (`uuid`);

--
-- Indexes for table `hari`
--
ALTER TABLE `hari`
  ADD PRIMARY KEY (`id`);

--
-- Indexes for table `jadwal`
--
ALTER TABLE `jadwal`
  ADD PRIMARY KEY (`id`),
  ADD KEY `jadwal_pengampu_id_foreign` (`pengampu_id`),
  ADD KEY `jadwal_ruangan_id_foreign` (`ruangan_id`),
  ADD KEY `jadwal_jam_id_foreign` (`jam_id`),
  ADD KEY `jadwal_hari_id_foreign` (`hari_id`),
  ADD KEY `jadwal_kelas_id_foreign` (`kelas_id`);

--
-- Indexes for table `jam`
--
ALTER TABLE `jam`
  ADD PRIMARY KEY (`id`);

--
-- Indexes for table `kelas`
--
ALTER TABLE `kelas`
  ADD PRIMARY KEY (`id`);

--
-- Indexes for table `mahasiswas`
--
ALTER TABLE `mahasiswas`
  ADD PRIMARY KEY (`id`),
  ADD UNIQUE KEY `mahasiswas_nim_unique` (`nim`),
  ADD KEY `mahasiswas_kelas_id_foreign` (`kelas_id`);

--
-- Indexes for table `matkul`
--
ALTER TABLE `matkul`
  ADD PRIMARY KEY (`id`);

--
-- Indexes for table `migrations`
--
ALTER TABLE `migrations`
  ADD PRIMARY KEY (`id`);

--
-- Indexes for table `model_has_permissions`
--
ALTER TABLE `model_has_permissions`
  ADD PRIMARY KEY (`permission_id`,`model_id`,`model_type`),
  ADD KEY `model_has_permissions_model_id_model_type_index` (`model_id`,`model_type`);

--
-- Indexes for table `model_has_roles`
--
ALTER TABLE `model_has_roles`
  ADD PRIMARY KEY (`role_id`,`model_id`,`model_type`),
  ADD KEY `model_has_roles_model_id_model_type_index` (`model_id`,`model_type`);

--
-- Indexes for table `password_reset_tokens`
--
ALTER TABLE `password_reset_tokens`
  ADD PRIMARY KEY (`email`);

--
-- Indexes for table `pengampu`
--
ALTER TABLE `pengampu`
  ADD PRIMARY KEY (`id`),
  ADD KEY `pengampu_dosen_id_foreign` (`dosen_id`),
  ADD KEY `pengampu_matkul_id_foreign` (`matkul_id`),
  ADD KEY `pengampu_kelas_id_foreign` (`kelas_id`);

--
-- Indexes for table `permissions`
--
ALTER TABLE `permissions`
  ADD PRIMARY KEY (`id`),
  ADD UNIQUE KEY `permissions_name_guard_name_unique` (`name`,`guard_name`);

--
-- Indexes for table `personal_access_tokens`
--
ALTER TABLE `personal_access_tokens`
  ADD PRIMARY KEY (`id`),
  ADD UNIQUE KEY `personal_access_tokens_token_unique` (`token`),
  ADD KEY `personal_access_tokens_tokenable_type_tokenable_id_index` (`tokenable_type`,`tokenable_id`);

--
-- Indexes for table `roles`
--
ALTER TABLE `roles`
  ADD PRIMARY KEY (`id`),
  ADD UNIQUE KEY `roles_name_guard_name_unique` (`name`,`guard_name`);

--
-- Indexes for table `role_has_permissions`
--
ALTER TABLE `role_has_permissions`
  ADD PRIMARY KEY (`permission_id`,`role_id`),
  ADD KEY `role_has_permissions_role_id_foreign` (`role_id`);

--
-- Indexes for table `ruangan`
--
ALTER TABLE `ruangan`
  ADD PRIMARY KEY (`id`);

--
-- Indexes for table `users`
--
ALTER TABLE `users`
  ADD PRIMARY KEY (`id`),
  ADD UNIQUE KEY `users_email_unique` (`email`);

--
-- AUTO_INCREMENT for dumped tables
--

--
-- AUTO_INCREMENT for table `dosen`
--
ALTER TABLE `dosen`
  MODIFY `id` bigint(20) UNSIGNED NOT NULL AUTO_INCREMENT, AUTO_INCREMENT=45;

--
-- AUTO_INCREMENT for table `failed_jobs`
--
ALTER TABLE `failed_jobs`
  MODIFY `id` bigint(20) UNSIGNED NOT NULL AUTO_INCREMENT;

--
-- AUTO_INCREMENT for table `hari`
--
ALTER TABLE `hari`
  MODIFY `id` bigint(20) UNSIGNED NOT NULL AUTO_INCREMENT, AUTO_INCREMENT=8;

--
-- AUTO_INCREMENT for table `jadwal`
--
ALTER TABLE `jadwal`
  MODIFY `id` bigint(20) UNSIGNED NOT NULL AUTO_INCREMENT, AUTO_INCREMENT=8;

--
-- AUTO_INCREMENT for table `jam`
--
ALTER TABLE `jam`
  MODIFY `id` bigint(20) UNSIGNED NOT NULL AUTO_INCREMENT, AUTO_INCREMENT=12;

--
-- AUTO_INCREMENT for table `kelas`
--
ALTER TABLE `kelas`
  MODIFY `id` bigint(20) UNSIGNED NOT NULL AUTO_INCREMENT, AUTO_INCREMENT=24;

--
-- AUTO_INCREMENT for table `mahasiswas`
--
ALTER TABLE `mahasiswas`
  MODIFY `id` bigint(20) UNSIGNED NOT NULL AUTO_INCREMENT;

--
-- AUTO_INCREMENT for table `matkul`
--
ALTER TABLE `matkul`
  MODIFY `id` bigint(20) UNSIGNED NOT NULL AUTO_INCREMENT, AUTO_INCREMENT=74;

--
-- AUTO_INCREMENT for table `migrations`
--
ALTER TABLE `migrations`
  MODIFY `id` int(10) UNSIGNED NOT NULL AUTO_INCREMENT, AUTO_INCREMENT=18;

--
-- AUTO_INCREMENT for table `pengampu`
--
ALTER TABLE `pengampu`
  MODIFY `id` bigint(20) UNSIGNED NOT NULL AUTO_INCREMENT, AUTO_INCREMENT=308;

--
-- AUTO_INCREMENT for table `permissions`
--
ALTER TABLE `permissions`
  MODIFY `id` bigint(20) UNSIGNED NOT NULL AUTO_INCREMENT, AUTO_INCREMENT=5;

--
-- AUTO_INCREMENT for table `personal_access_tokens`
--
ALTER TABLE `personal_access_tokens`
  MODIFY `id` bigint(20) UNSIGNED NOT NULL AUTO_INCREMENT;

--
-- AUTO_INCREMENT for table `roles`
--
ALTER TABLE `roles`
  MODIFY `id` bigint(20) UNSIGNED NOT NULL AUTO_INCREMENT, AUTO_INCREMENT=5;

--
-- AUTO_INCREMENT for table `ruangan`
--
ALTER TABLE `ruangan`
  MODIFY `id` bigint(20) UNSIGNED NOT NULL AUTO_INCREMENT, AUTO_INCREMENT=25;

--
-- AUTO_INCREMENT for table `users`
--
ALTER TABLE `users`
  MODIFY `id` bigint(20) UNSIGNED NOT NULL AUTO_INCREMENT, AUTO_INCREMENT=7;

--
-- Constraints for dumped tables
--

--
-- Constraints for table `jadwal`
--
ALTER TABLE `jadwal`
  ADD CONSTRAINT `jadwal_hari_id_foreign` FOREIGN KEY (`hari_id`) REFERENCES `hari` (`id`) ON DELETE CASCADE,
  ADD CONSTRAINT `jadwal_jam_id_foreign` FOREIGN KEY (`jam_id`) REFERENCES `jam` (`id`) ON DELETE CASCADE,
  ADD CONSTRAINT `jadwal_kelas_id_foreign` FOREIGN KEY (`kelas_id`) REFERENCES `kelas` (`id`) ON DELETE CASCADE,
  ADD CONSTRAINT `jadwal_pengampu_id_foreign` FOREIGN KEY (`pengampu_id`) REFERENCES `pengampu` (`id`) ON DELETE CASCADE,
  ADD CONSTRAINT `jadwal_ruangan_id_foreign` FOREIGN KEY (`ruangan_id`) REFERENCES `ruangan` (`id`) ON DELETE CASCADE;

--
-- Constraints for table `mahasiswas`
--
ALTER TABLE `mahasiswas`
  ADD CONSTRAINT `mahasiswas_kelas_id_foreign` FOREIGN KEY (`kelas_id`) REFERENCES `kelas` (`id`) ON DELETE CASCADE;

--
-- Constraints for table `model_has_permissions`
--
ALTER TABLE `model_has_permissions`
  ADD CONSTRAINT `model_has_permissions_permission_id_foreign` FOREIGN KEY (`permission_id`) REFERENCES `permissions` (`id`) ON DELETE CASCADE;

--
-- Constraints for table `model_has_roles`
--
ALTER TABLE `model_has_roles`
  ADD CONSTRAINT `model_has_roles_role_id_foreign` FOREIGN KEY (`role_id`) REFERENCES `roles` (`id`) ON DELETE CASCADE;

--
-- Constraints for table `pengampu`
--
ALTER TABLE `pengampu`
  ADD CONSTRAINT `pengampu_dosen_id_foreign` FOREIGN KEY (`dosen_id`) REFERENCES `dosen` (`id`) ON DELETE CASCADE,
  ADD CONSTRAINT `pengampu_kelas_id_foreign` FOREIGN KEY (`kelas_id`) REFERENCES `kelas` (`id`) ON DELETE CASCADE,
  ADD CONSTRAINT `pengampu_matkul_id_foreign` FOREIGN KEY (`matkul_id`) REFERENCES `matkul` (`id`) ON DELETE CASCADE;

--
-- Constraints for table `role_has_permissions`
--
ALTER TABLE `role_has_permissions`
  ADD CONSTRAINT `role_has_permissions_permission_id_foreign` FOREIGN KEY (`permission_id`) REFERENCES `permissions` (`id`) ON DELETE CASCADE,
  ADD CONSTRAINT `role_has_permissions_role_id_foreign` FOREIGN KEY (`role_id`) REFERENCES `roles` (`id`) ON DELETE CASCADE;
COMMIT;

/*!40101 SET CHARACTER_SET_CLIENT=@OLD_CHARACTER_SET_CLIENT */;
/*!40101 SET CHARACTER_SET_RESULTS=@OLD_CHARACTER_SET_RESULTS */;
/*!40101 SET COLLATION_CONNECTION=@OLD_COLLATION_CONNECTION */;
